Order_ID,Order_Date,Customer_ID,Product_ID,Quantity,Coffee_Type,Roast_Type
QEV-37451-860,5-Sep-19,17670-51384-MA,R-M-1,2,Robusta,Medium
QEV-37451-860,5-Sep-19,17670-51384-MA,E-M-0.5,5,Excelsa,Medium
FAA-43335-268,17-Jun-21,21125-22134-PX,A-L-1,1,Arabica,Large
IPP-31994-879,21-Jan-22,65223-29612-CB,E-D-0.5,3,Excelsa,Dark
EZT-46571-659,2-Jan-19,03396-68805-ZC,R-M-0.5,3,Robusta,Medium
NWQ-70061-912,5-Sep-19,61021-27840-ZN,R-M-0.5,1,Robusta,Medium
BKK-47233-845,8-Mar-21,76239-90137-UQ,A-D-1,4,Arabica,Dark
VQR-01002-970,28-Oct-20,49315-21985-BB,E-L-2.5,5,Excelsa,Large
SZW-48378-399,2-Jul-22,34136-36674-OM,R-M-1,5,Robusta,Medium
ITA-87418-783,22-May-20,39396-12890-PE,R-D-2.5,2,Robusta,Dark
GNZ-46006-527,5-Apr-22,95875-73336-RG,L-D-0.2,3,Libriac,Dark
FYQ-78248-319,7-Jun-22,25473-43727-BY,R-M-2.5,5,Robusta,Medium
VAU-44387-624,20-Mar-19,99643-51048-IQ,A-M-0.2,6,Arabica,Medium
RDW-33155-159,19-Oct-19,62173-15287-CU,A-L-1,6,Arabica,Large
TDZ-59011-211,13-Jun-19,57611-05522-ST,R-D-2.5,4,Robusta,Dark
IDU-25793-399,4-Dec-20,76664-37050-DT,A-M-0.2,5,Arabica,Medium
IDU-25793-399,4-Dec-20,76664-37050-DT,E-D-0.2,4,Excelsa,Dark
NUO-20013-488,4-Dec-20,03090-88267-BQ,A-D-0.2,6,Arabica,Dark
UQU-65630-479,22-Jan-21,37651-47492-NC,R-M-2.5,4,Robusta,Medium
FEO-11834-332,11-Feb-22,95399-57205-HI,A-D-0.2,4,Arabica,Dark
TKY-71558-096,15-Sep-21,24010-66714-HW,A-M-1,1,Arabica,Medium
EVP-43500-491,20-Feb-19,49231-44455-IC,A-M-0.5,4,Arabica,Medium
WAG-26945-689,8-Oct-19,50124-88608-EO,A-M-0.2,5,Arabica,Medium
CHE-78995-767,2-Aug-22,00888-74814-UZ,A-D-0.5,3,Arabica,Dark
RYZ-14633-602,20-Feb-19,14158-30713-OB,A-D-1,4,Arabica,Dark
SCT-60553-454,17-Jul-21,39123-12846-YJ,L-L-0.2,5,Libriac,Large
GFK-52063-244,29-Jun-20,44981-99666-XB,L-L-0.5,6,Libriac,Large
AMM-79521-378,1-Jun-21,24825-51803-CQ,A-D-0.5,6,Arabica,Dark
QUQ-90580-772,6-Feb-21,77634-13918-GJ,L-M-0.2,2,Libriac,Medium
LGD-24408-274,25-Apr-19,13694-25001-LX,L-L-0.5,3,Libriac,Large
HCT-95608-959,25-Apr-20,08523-01791-TI,R-M-2.5,5,Robusta,Medium
XWC-20610-167,7-Jul-22,08350-81623-TF,E-D-0.2,2,Excelsa,Dark
GPU-79113-136,22-May-19,73284-01385-SJ,R-D-0.2,3,Robusta,Dark
HPI-42308-142,11-Apr-20,06631-86965-XP,E-M-0.5,2,Excelsa,Medium
XHI-30227-581,31-Jan-22,54619-08558-ZU,L-D-2.5,6,Libriac,Dark
VMW-26889-781,28-Jun-19,36078-91009-WU,A-L-0.2,2,Arabica,Large
DBU-81099-586,11-Sep-20,15770-27099-GX,A-D-2.5,4,Arabica,Dark
PQA-54820-810,17-Aug-22,91460-04823-BX,A-L-1,3,Arabica,Large
XKB-41924-202,19-Aug-22,45089-52817-WN,L-D-0.5,2,Libriac,Dark
DWZ-69106-473,15-May-19,76447-50326-IC,L-L-2.5,4,Libriac,Large
YHV-68700-050,11-Sep-19,26333-67911-OL,R-M-0.5,5,Robusta,Medium
YHV-68700-050,11-Sep-19,26333-67911-OL,L-L-2.5,2,Libriac,Large
KRB-88066-642,16-Mar-21,22107-86640-SB,L-M-1,5,Libriac,Medium
CWK-60159-881,27-Jan-20,04671-85591-RT,E-D-0.2,3,Excelsa,Dark
EEG-74197-843,17-Jul-22,25729-68859-UA,E-L-1,4,Excelsa,Large
HUB-47311-849,7-Dec-21,04521-04300-OK,L-M-0.5,3,Libriac,Medium
WYM-17686-694,25-Feb-21,58689-55264-VK,A-D-2.5,5,Arabica,Dark
RWR-77888-800,7-Feb-20,69904-02729-YS,A-M-0.5,1,Arabica,Medium
TIR-71396-998,6-Mar-22,14204-14186-LA,R-D-2.5,4,Robusta,Dark
RXF-37618-213,15-Apr-22,32948-34398-HC,R-L-0.5,1,Robusta,Large
ANM-16388-634,19-Nov-21,77343-52608-FF,L-L-0.2,2,Libriac,Large
WYL-29300-070,16-Oct-19,42770-36274-QA,R-M-0.2,1,Robusta,Medium
JHW-74554-805,26-Nov-19,14103-58987-ZU,R-M-1,6,Robusta,Medium
KYS-27063-603,30-Jun-19,69958-32065-SW,E-L-2.5,4,Excelsa,Large
GAZ-58626-277,4-Jan-21,69533-84907-FA,L-L-0.2,2,Libriac,Large
RPW-36123-215,19-Jul-21,80640-45811-LB,E-L-0.5,2,Excelsa,Large
WLL-59044-117,23-Jul-21,28476-04082-GR,R-D-1,6,Robusta,Dark
QLM-07145-668,9-May-19,86437-17399-FK,E-D-0.2,2,Excelsa,Dark
HVQ-64398-930,30-Mar-20,62979-53167-ML,A-M-0.5,6,Arabica,Medium
WRT-40778-247,13-Mar-22,54810-81899-HL,R-L-1,4,Robusta,Large
SUB-13006-125,17-Apr-19,26103-41504-IB,A-L-0.5,5,Arabica,Large
CQM-49696-263,25-Oct-19,76534-45229-SG,L-L-2.5,3,Libriac,Large
KXN-85094-246,13-Sep-19,81744-27332-RR,L-M-2.5,3,Libriac,Medium
HYF-10254-369,14-Nov-19,30373-66619-CB,L-L-0.5,1,Libriac,Large
XXJ-47000-307,18-Jul-19,31582-23562-FM,A-L-2.5,3,Arabica,Large
XXJ-47000-307,18-Jul-19,31582-23562-FM,A-D-0.2,4,Arabica,Dark
ZDK-82166-357,3-Apr-21,81431-12577-VD,A-M-1,3,Arabica,Medium
IHN-19982-362,29-Mar-21,68894-91205-MP,R-L-1,3,Robusta,Large
VMT-10030-889,15-Dec-21,87602-55754-VN,A-L-1,6,Arabica,Large
ROV-87448-086,2-Nov-20,30381-64762-NG,A-M-2.5,4,Arabica,Medium
YWH-50638-556,14-Mar-19,89442-35633-HJ,E-L-0.5,4,Excelsa,Large
LBZ-75997-047,17-Dec-19,40946-22090-FP,A-M-2.5,6,Arabica,Medium
EUH-08089-954,6-Dec-20,29050-93691-TS,A-D-0.2,2,Arabica,Dark
BLD-12227-251,4-Mar-21,64395-74865-WF,A-M-0.5,2,Arabica,Medium
HSF-66926-425,1-Mar-20,00539-42510-RY,L-D-2.5,5,Libriac,Dark
LQG-41416-375,19-Oct-21,45190-08727-NV,L-D-1,3,Libriac,Dark
VZO-97265-841,8-Jul-22,87049-37901-FU,R-M-0.2,4,Robusta,Medium
MOR-12987-399,17-Aug-19,34015-31593-JC,L-M-1,6,Libriac,Medium
UOA-23786-489,31-May-20,90305-50099-SV,A-M-0.5,6,Arabica,Medium
AJL-52941-018,5-May-20,55871-61935-MF,E-D-1,2,Excelsa,Dark
XSZ-84273-421,14-Apr-19,15405-60469-TM,R-M-0.5,3,Robusta,Medium
AKV-93064-769,12-Dec-19,22305-40299-CY,L-D-0.5,1,Libriac,Dark
BRB-40903-533,15-Jun-22,09020-56774-GU,E-L-0.2,3,Excelsa,Large
GPR-19973-483,26-Jun-19,92926-08470-YS,R-D-0.5,5,Robusta,Dark
XIY-43041-882,12-Oct-21,07250-63194-JO,A-M-1,1,Arabica,Medium
YGY-98425-969,1-Apr-19,63787-96257-TQ,L-M-1,1,Libriac,Medium
WDR-06028-345,16-Aug-19,66508-21373-OQ,L-L-1,1,Libriac,Large
MXM-42948-061,11-Aug-20,20203-03950-FY,L-L-0.2,4,Libriac,Large
MGQ-98961-173,5-Apr-22,83895-90735-XH,L-L-0.5,4,Libriac,Large
RFH-64349-897,22-Oct-19,61954-61462-RJ,E-D-0.5,3,Excelsa,Dark
TKL-20738-660,2-Oct-21,47939-53158-LS,E-M-0.2,1,Excelsa,Medium
TKL-20738-660,2-Oct-21,47939-53158-LS,A-L-0.2,1,Arabica,Large
TKL-20738-660,2-Oct-21,47939-53158-LS,E-M-1,5,Excelsa,Medium
GOW-03198-575,13-Mar-21,61513-27752-FA,A-D-0.5,4,Arabica,Dark
QJB-90477-635,12-Jun-22,89714-19856-WX,L-L-2.5,4,Libriac,Large
MWP-46239-785,27-Apr-19,87979-56781-YV,L-M-0.2,5,Libriac,Medium
QDV-03406-248,23-May-19,74126-88836-KA,L-M-0.5,3,Libriac,Medium
GPH-40635-105,14-Jul-20,37397-05992-VO,A-M-1,1,Arabica,Medium
JOM-80930-071,10-Nov-21,54904-18397-UD,L-D-1,6,Libriac,Dark
OIL-26493-755,31-Aug-21,19017-95853-EK,A-M-0.5,1,Arabica,Medium
CYV-13426-645,6-Jul-19,88593-59934-VU,E-D-1,1,Excelsa,Dark
VDZ-76673-968,31-Dec-20,82246-82543-DW,E-D-0.5,2,Excelsa,Dark
VTV-03546-175,31-Jul-20,03384-62101-IY,A-L-2.5,5,Arabica,Large
GHR-72274-715,24-May-21,86881-41559-OR,L-D-1,1,Libriac,Dark
ZFS-30776-804,5-Feb-21,58638-01029-CB,A-L-0.5,5,Arabica,Large
QUU-91729-492,29-Jul-21,90312-11148-LA,A-D-0.2,4,Arabica,Dark
ZJE-89333-489,13-May-22,08694-57330-XR,L-D-2.5,1,Libriac,Dark
LOO-35324-159,19-May-20,68412-11126-YJ,A-L-0.2,4,Arabica,Large
EHX-66333-637,9-Sep-20,01297-94364-XH,L-M-0.5,2,Libriac,Medium
WXG-25759-236,10-Mar-21,39919-06540-ZI,E-L-2.5,2,Excelsa,Large
QNA-31113-984,7-Apr-19,60512-78550-WS,L-M-0.2,4,Libriac,Medium
ZWI-52029-159,12-Jul-20,40172-12000-AU,L-M-1,3,Libriac,Medium
ZWI-52029-159,12-Jul-20,40172-12000-AU,E-M-1,2,Excelsa,Medium
DFS-49954-707,21-Dec-21,39019-13649-CL,E-D-0.2,5,Excelsa,Dark
AMT-40418-362,8-Aug-20,04513-76520-QO,L-D-1,1,Libriac,Dark
JQK-64922-985,10-Nov-21,23779-10274-KN,R-M-2.5,3,Robusta,Medium
NKW-24945-846,4-Oct-21,75977-30364-AY,A-D-2.5,5,Arabica,Dark
VKA-82720-513,24-Jun-19,12299-30914-NG,A-M-2.5,6,Arabica,Medium
THA-60599-417,26-Oct-19,59971-35626-YJ,A-M-2.5,3,Arabica,Medium
MEK-39769-035,27-Jun-21,15380-76513-PS,R-D-2.5,3,Robusta,Dark
UDG-65353-824,7-Jan-20,17514-94165-RJ,E-M-0.5,4,Excelsa,Medium
ENQ-42923-176,11-Jan-21,56248-75861-JX,A-L-0.5,3,Arabica,Large
CBT-55781-720,15-Nov-21,97855-54761-IS,E-D-0.5,3,Excelsa,Dark
NEU-86533-016,3-Jun-19,96544-91644-IT,R-D-0.2,6,Robusta,Dark
BYU-58154-603,17-Dec-20,51971-70393-QM,E-D-0.5,4,Excelsa,Dark
HCA-87224-420,4-Aug-22,62682-27930-PD,E-M-0.5,5,Excelsa,Medium
TKN-58485-031,23-Mar-22,38890-22576-UI,R-D-1,2,Robusta,Dark
RCK-04069-371,7-Oct-21,94573-61802-PH,E-L-2.5,2,Excelsa,Large
IRJ-67095-738,20-Mar-19,86447-02699-UT,E-M-2.5,2,Excelsa,Medium
VEA-31961-977,15-Dec-21,51432-27169-KN,E-D-0.5,3,Excelsa,Dark
BAF-42286-205,8-Jun-22,43074-00987-PB,R-M-2.5,4,Robusta,Medium
ZWK-03995-815,10-Apr-21,28279-78469-YW,E-M-2.5,2,Excelsa,Medium
CKF-43291-846,10-Mar-20,91829-99544-DS,E-L-2.5,1,Excelsa,Large
RMW-74160-339,16-Oct-20,38978-59582-JP,R-L-2.5,4,Robusta,Large
FMT-94584-786,8-Oct-19,86504-96610-BH,A-L-1,2,Arabica,Large
EOI-02511-919,20-Mar-20,66776-88682-RG,E-L-0.2,5,Excelsa,Large
EOI-02511-919,20-Mar-20,66776-88682-RG,A-D-0.5,5,Arabica,Dark
UCT-03935-589,29-Mar-21,85851-78384-DM,R-D-0.5,6,Robusta,Dark
SBI-60013-494,12-Nov-21,55232-81621-BX,E-M-0.2,2,Excelsa,Medium
QRA-73277-814,20-Jul-21,80310-92912-JA,A-L-0.5,4,Arabica,Large
EQE-31648-909,18-Jan-19,19821-05175-WZ,E-D-0.5,5,Excelsa,Dark
QOO-24615-950,7-Aug-19,01338-83217-GV,R-M-2.5,3,Robusta,Medium
WDV-73864-037,13-Mar-22,66044-25298-TA,L-M-0.5,5,Libriac,Medium
PKR-88575-066,17-May-22,28728-47861-TZ,E-L-0.2,1,Excelsa,Large
BWR-85735-955,14-Dec-19,32638-38620-AX,L-M-1,3,Libriac,Medium
YFX-64795-136,15-Jan-20,83163-65741-IH,L-M-2.5,1,Libriac,Medium
DDO-71442-967,12-Apr-19,89422-58281-FD,L-D-0.2,5,Libriac,Dark
ILQ-11027-588,29-Mar-20,76293-30918-DQ,E-D-1,6,Excelsa,Dark
VRM-93594-914,21-Jul-21,66806-41795-MX,E-D-0.5,5,Excelsa,Dark
HXL-22497-359,6-Aug-19,64875-71224-UI,A-L-1,3,Arabica,Large
NOP-21394-646,23-May-21,16982-35708-BZ,E-L-0.5,6,Excelsa,Large
NOP-21394-646,23-May-21,16982-35708-BZ,L-D-2.5,2,Libriac,Dark
NOP-21394-646,23-May-21,16982-35708-BZ,L-D-2.5,3,Libriac,Dark
NOP-21394-646,23-May-21,16982-35708-BZ,L-L-0.5,4,Libriac,Large
NOP-21394-646,23-May-21,16982-35708-BZ,E-M-1,3,Excelsa,Medium
BOR-02906-411,17-Oct-21,08743-09057-OO,L-D-2.5,6,Libriac,Dark
WMP-68847-770,16-Feb-22,37490-01572-JW,L-L-0.2,1,Libriac,Large
OOU-61343-455,15-Jan-21,90123-70970-NY,A-M-1,2,Arabica,Medium
RMA-08327-369,11-Jan-21,93809-05424-MG,A-M-0.5,6,Arabica,Medium
SFB-97929-779,8-Apr-22,85425-33494-HQ,E-D-0.5,4,Excelsa,Dark
AUP-10128-606,1-Oct-20,54387-64897-XC,A-M-0.5,1,Arabica,Medium
YTW-40242-005,28-Oct-19,01035-70465-UO,L-D-1,4,Libriac,Dark
PRP-53390-819,28-Mar-21,84260-39432-ML,E-L-0.5,6,Excelsa,Large
GSJ-01065-125,31-Mar-20,69779-40609-RS,E-D-0.2,4,Excelsa,Dark
YQU-65147-580,26-Mar-22,80247-70000-HT,R-D-2.5,1,Robusta,Dark
QPM-95832-683,6-Nov-19,35058-04550-VC,L-L-1,2,Libriac,Large
BNQ-88920-567,30-Dec-19,27226-53717-SY,L-D-0.2,6,Libriac,Dark
PUX-47906-110,1-Oct-21,02002-98725-CH,L-M-1,4,Libriac,Medium
COL-72079-610,9-Dec-20,38487-01549-MV,E-L-0.5,4,Excelsa,Large
LBC-45686-819,1-May-21,98573-41811-EQ,A-M-1,5,Arabica,Medium
BLQ-03709-265,4-Aug-22,72463-75685-MV,R-L-0.2,3,Robusta,Large
BLQ-03709-265,4-Aug-22,72463-75685-MV,R-M-0.2,5,Robusta,Medium
VFZ-91673-181,13-Nov-21,10225-91535-AI,A-L-1,6,Arabica,Large
WKD-81956-870,16-Sep-20,48090-06534-HI,L-D-0.5,3,Libriac,Dark
IZA-61469-812,6-Jan-20,13561-92774-WP,L-D-2.5,4,Libriac,Dark
PSS-22466-862,21-May-21,11550-78378-GE,R-L-0.2,4,Robusta,Large
REH-56504-397,26-Feb-20,90961-35603-RP,A-M-2.5,5,Arabica,Medium
ALA-62598-016,19-Feb-20,57145-03803-ZL,R-D-0.2,6,Robusta,Dark
EYE-70374-835,29-Jun-21,89115-11966-VF,R-L-0.2,5,Robusta,Large
CCZ-19589-212,27-Mar-21,05754-41702-FG,L-M-0.2,2,Libriac,Medium
BPT-83989-157,27-Oct-21,84269-49816-ML,A-M-2.5,2,Arabica,Medium
JLN-14700-924,28-Jun-20,79058-02767-CP,L-L-0.2,5,Libriac,Large
JVW-22582-137,23-Mar-21,89208-74646-UK,E-M-0.2,5,Excelsa,Medium
LAA-41879-001,10-Feb-22,11408-81032-UR,L-L-2.5,1,Libriac,Large
RGJ-12544-083,12-Feb-20,48873-84433-PN,L-D-2.5,3,Libriac,Dark
BIU-21970-705,7-Dec-20,89711-56688-GG,R-M-2.5,2,Robusta,Medium
ELJ-87741-745,20-Feb-20,48389-71976-JB,E-L-1,4,Excelsa,Large
ISK-42066-094,28-Mar-20,41505-42181-EF,E-D-1,3,Excelsa,Dark
FTC-35822-530,10-Oct-20,14307-87663-KB,E-D-0.5,4,Excelsa,Dark
VSS-56247-688,21-May-22,08360-19442-GB,L-M-2.5,4,Libriac,Medium
HVW-25584-144,30-Apr-20,93405-51204-UW,L-L-0.2,5,Libriac,Large
MUY-15309-209,12-Dec-21,97152-03355-IW,L-D-1,3,Libriac,Dark
YJU-84377-606,7-Jul-20,20259-47723-AC,A-D-1,1,Arabica,Dark
VNC-93921-469,31-Jan-20,04666-71569-RI,L-L-1,1,Libriac,Large
OGB-91614-810,18-Feb-20,08909-77713-CG,R-M-0.2,1,Robusta,Medium
BQI-61647-496,13-Jun-21,84340-73931-VV,E-M-1,5,Excelsa,Medium
GGD-38107-641,23-Nov-21,99562-88650-YF,L-M-1,4,Libriac,Medium
LTO-95975-728,13-Oct-21,46560-73885-PJ,R-L-0.5,4,Robusta,Large
IGM-84664-265,31-Aug-21,80179-44620-WN,R-L-0.5,3,Robusta,Large
SKO-45740-621,16-Jan-20,04666-71569-RI,L-M-0.5,2,Libriac,Medium
FOJ-02234-063,25-Apr-22,59081-87231-VP,E-D-2.5,1,Excelsa,Dark
MSJ-11909-468,13-Nov-21,07878-45872-CC,E-D-2.5,5,Excelsa,Dark
DKB-78053-329,8-Jun-21,12444-05174-OO,R-M-0.2,2,Robusta,Medium
DFZ-45083-941,21-Nov-20,34665-62561-AU,R-L-2.5,1,Robusta,Large
OTA-40969-710,14-Mar-19,77877-11993-QH,R-L-1,5,Robusta,Large
GRH-45571-667,16-Aug-19,32291-18308-YZ,E-M-1,3,Excelsa,Medium
KIX-93248-135,11-Feb-20,36605-83052-WB,A-D-0.5,1,Arabica,Dark
AXR-10962-010,28-Mar-21,53683-35977-KI,E-D-1,2,Excelsa,Dark
IHS-71573-008,8-May-21,07972-83134-NM,E-D-0.2,6,Excelsa,Dark
QTR-19001-114,21-Nov-19,01035-70465-UO,A-D-1,2,Arabica,Dark
WBK-62297-910,17-May-21,25514-23938-IQ,A-D-0.2,2,Arabica,Dark
ESR-66651-814,20-May-20,76624-72205-CK,A-D-0.2,4,Arabica,Dark
CPX-46916-770,27-Aug-21,12729-50170-JE,R-L-1,6,Robusta,Large
MDC-03318-645,30-Apr-22,43974-44760-QI,A-L-0.2,2,Arabica,Large
SFF-86059-407,3-Jun-20,30585-48726-BK,A-M-2.5,1,Arabica,Medium
SCL-94540-788,13-Jun-22,16123-07017-TY,E-L-2.5,6,Excelsa,Large
HVU-21634-076,10-Jun-20,27723-45097-MH,R-L-2.5,4,Robusta,Large
XUS-73326-418,18-Dec-20,37078-56703-AF,E-L-1,6,Excelsa,Large
XWD-18933-006,31-Aug-19,79420-11075-MY,A-L-0.2,2,Arabica,Large
HPD-65272-772,25-Feb-19,57504-13456-UO,L-M-2.5,1,Libriac,Medium
NNH-62058-950,14-Jan-21,96112-42558-EA,E-L-1,4,Excelsa,Large
LTD-71429-845,24-Feb-19,03157-23165-UB,A-L-0.5,1,Arabica,Large
MPV-26985-215,23-Jun-19,51466-52850-AG,R-D-0.5,1,Robusta,Dark
EFB-72860-209,17-Oct-19,53035-99701-WG,A-M-0.2,4,Arabica,Medium
GMM-72397-378,16-May-22,45899-92796-EI,R-L-0.2,4,Robusta,Large
XAH-93337-609,28-Oct-21,66976-43829-YG,A-D-1,5,Arabica,Dark
ZDK-84567-102,29-Nov-21,58690-31815-VY,A-D-0.5,3,Arabica,Dark
WAV-38301-984,20-Mar-21,62863-81239-DT,A-D-0.5,5,Arabica,Dark
SIB-83254-136,12-May-19,45315-50206-DK,R-M-0.5,6,Robusta,Medium
NOK-50349-551,3-Mar-21,09595-95726-OV,R-D-0.5,3,Robusta,Dark
YIS-96268-844,11-Feb-20,60221-67036-TD,E-L-0.2,6,Excelsa,Large
CXI-04933-855,27-Apr-19,62923-29397-KX,E-L-2.5,6,Excelsa,Large
IZU-90429-382,26-Mar-22,33011-52383-BA,A-L-1,3,Arabica,Large
WIT-40912-783,28-Sep-20,86768-91598-FA,L-D-0.2,4,Libriac,Dark
PSD-57291-590,24-Oct-19,37191-12203-MX,A-M-0.5,1,Arabica,Medium
GOI-41472-677,4-Aug-21,16545-76328-JY,E-D-2.5,4,Excelsa,Dark
KTX-17944-494,29-Dec-19,74330-29286-RO,A-L-0.2,1,Arabica,Large
RDM-99811-230,27-Nov-19,22349-47389-GY,L-M-0.2,5,Libriac,Medium
JTU-55897-581,29-Feb-20,70290-38099-GB,R-M-0.2,5,Robusta,Medium
CRK-07584-240,31-Jan-21,18741-72071-PP,A-M-1,3,Arabica,Medium
MKE-75518-399,17-Jun-22,62588-82624-II,A-M-1,3,Arabica,Medium
AEL-51169-725,3-Feb-20,37430-29579-HD,L-M-0.2,6,Libriac,Medium
ZGM-83108-823,25-Jan-22,84132-22322-QT,E-L-1,1,Excelsa,Large
JBP-78754-392,30-Apr-20,74330-29286-RO,E-M-2.5,6,Excelsa,Medium
RNH-54912-747,1-May-21,37445-17791-NQ,R-M-0.5,1,Robusta,Medium
JDS-33440-914,28-Oct-21,58511-10548-ZU,R-M-1,3,Robusta,Medium
ZGD-94763-868,27-Dec-19,53086-67334-KT,E-L-2.5,1,Excelsa,Large
CZY-70361-485,25-Jun-19,83308-82257-UN,E-L-2.5,6,Excelsa,Large
RJR-12175-899,2-Mar-19,37274-08534-FM,E-D-0.5,3,Excelsa,Dark
ELB-07929-407,2-Jan-22,54004-04664-AA,A-M-2.5,2,Arabica,Medium
UJQ-54441-340,30-Jul-19,26822-19510-SD,E-M-0.2,2,Excelsa,Medium
UJQ-54441-340,30-Jul-19,26822-19510-SD,A-L-0.2,5,Arabica,Large
OWY-43108-475,5-Dec-20,06432-73165-ML,A-M-0.2,6,Arabica,Medium
GNO-91911-159,17-Dec-20,96503-31833-CW,L-D-0.5,3,Libriac,Dark
CNY-06284-066,26-Jun-21,63985-64148-MG,E-D-0.2,5,Excelsa,Dark
IBW-87442-480,14-Jul-22,79814-23626-JR,A-L-2.5,1,Arabica,Large
LPS-39089-432,24-Apr-19,97655-45555-LI,R-D-1,5,Robusta,Dark
XUR-14132-391,8-Aug-22,96836-09258-RI,R-D-0.5,4,Robusta,Dark
OVI-27064-381,13-Nov-19,37274-08534-FM,R-D-0.5,3,Robusta,Dark
SHP-17012-870,7-Jun-20,69529-07533-CV,R-M-2.5,1,Robusta,Medium
FDY-03414-903,12-Aug-19,94840-49457-UD,A-D-0.5,3,Arabica,Dark
WXT-85291-143,4-Sep-19,81414-81273-DK,R-M-0.5,4,Robusta,Medium
DOH-92927-530,24-Feb-20,12839-56537-TQ,L-L-0.2,6,Libriac,Large
HGJ-82768-173,26-Aug-21,62741-01322-HU,A-M-1,4,Arabica,Medium
OYH-16533-767,13-Jun-20,44932-34838-RM,E-L-1,4,Excelsa,Large
DWW-28642-549,1-Mar-21,91181-19412-RQ,E-D-0.2,2,Excelsa,Dark
CGO-79583-871,4-Mar-19,37182-54930-XC,E-D-0.5,1,Excelsa,Dark
TFY-52090-386,13-Oct-19,08613-17327-XT,E-L-0.5,2,Excelsa,Large
TFY-52090-386,13-Oct-19,08613-17327-XT,L-D-0.5,5,Libriac,Dark
NYY-73968-094,15-Aug-19,70451-38048-AH,R-D-0.5,6,Robusta,Dark
GKQ-82603-910,19-Jan-20,83737-56117-JE,R-L-1,5,Robusta,Large
IOB-32673-745,28-May-21,07095-81281-NJ,A-L-0.5,3,Arabica,Large
YAU-98893-150,15-Jan-22,77043-48851-HG,L-M-1,3,Libriac,Medium
XNM-14163-951,4-Dec-19,78224-60622-KH,E-L-2.5,6,Excelsa,Large
JPB-45297-000,1-Jul-22,83105-86631-IU,R-L-0.2,4,Robusta,Large
MOU-74341-266,7-May-19,99358-65399-TC,A-D-0.5,4,Arabica,Dark
DHJ-87461-571,23-Aug-20,94525-76037-JP,A-M-1,2,Arabica,Medium
ORZ-67699-748,15-Feb-20,44708-78241-DF,A-M-2.5,6,Arabica,Medium
JXP-28398-485,11-Jun-21,23039-93032-FN,A-D-2.5,5,Arabica,Dark
WWH-92259-198,11-Mar-22,35256-12529-FT,L-D-1,4,Libriac,Dark
AMB-93600-000,14-May-19,64435-53100-WM,A-L-2.5,1,Arabica,Large
FEP-36895-658,8-Apr-19,44699-43836-UH,R-L-0.2,6,Robusta,Large
RXW-91413-276,15-Aug-20,29588-35679-RG,R-D-2.5,2,Robusta,Dark
RXW-91413-276,15-Aug-20,29588-35679-RG,R-M-0.5,1,Robusta,Medium
SDB-77492-188,5-May-22,64815-54078-HH,E-L-1,5,Excelsa,Large
RZN-65182-395,27-Mar-21,59572-41990-XY,L-M-1,6,Libriac,Medium
HDQ-86094-507,27-Apr-19,32481-61533-ZJ,E-D-1,6,Excelsa,Dark
YXO-79631-417,25-Sep-21,31587-92570-HL,L-D-0.5,1,Libriac,Dark
GPU-65651-504,11-May-22,83947-45528-ET,E-M-2.5,2,Excelsa,Medium
GZS-50547-887,5-Feb-19,61600-55136-UM,E-D-1,2,Excelsa,Dark
ESR-54041-053,24-May-22,59771-90302-OF,A-L-0.5,6,Arabica,Large
OGD-10781-526,4-Oct-20,16880-78077-FB,R-L-0.5,6,Robusta,Large
BNZ-20544-633,21-Oct-20,31798-95707-NR,L-L-0.5,4,Libriac,Large
FUX-85791-078,16-Oct-20,59122-08794-WT,A-M-0.2,2,Arabica,Medium
YXP-20078-116,23-Sep-20,37238-52421-JJ,R-M-0.5,1,Robusta,Medium
VQV-59984-866,8-Mar-19,48854-01899-FN,R-D-0.2,3,Robusta,Dark
JEH-37276-048,30-Jun-21,80896-38819-DW,A-L-0.5,3,Arabica,Large
VYD-28555-589,13-Aug-19,29814-01459-RC,R-L-0.5,6,Robusta,Large
RJV-08261-583,26-Mar-22,48497-29281-FE,A-D-0.2,5,Arabica,Dark
PMR-56062-609,10-Jan-20,43605-12616-YH,E-D-0.5,3,Excelsa,Dark
QAW-05889-019,29-Dec-21,68810-07329-EU,L-M-0.5,5,Libriac,Medium
DHT-93810-053,16-Sep-21,17005-82030-EA,E-L-1,5,Excelsa,Large
DMY-96037-963,26-Oct-20,42179-95059-DO,L-D-0.2,3,Libriac,Dark
MBM-55936-917,12-Mar-19,55989-39849-WO,L-D-0.5,3,Libriac,Dark
TPA-93614-840,18-Feb-21,28932-49296-TM,E-D-0.5,2,Excelsa,Dark
WDM-77521-710,29-Oct-20,86144-10144-CB,A-M-0.5,2,Arabica,Medium
EIP-19142-462,6-Sep-21,60973-72562-DQ,E-L-1,6,Excelsa,Large
EIP-19142-462,6-Sep-21,60973-72562-DQ,A-L-0.2,1,Arabica,Large
ZZL-76364-387,9-Sep-20,11263-86515-VU,R-L-2.5,4,Robusta,Large
GMF-18638-786,26-Sep-21,60004-62976-NI,L-D-0.5,6,Libriac,Dark
TDJ-20844-787,5-Nov-20,77876-28498-HI,A-L-0.5,5,Arabica,Large
BWK-39400-446,12-Sep-19,61302-06948-EH,L-D-0.5,4,Libriac,Dark
LCB-02099-995,31-Jul-19,06757-96251-UH,A-D-0.2,6,Arabica,Dark
UBA-43678-174,15-Mar-19,44530-75983-OD,E-D-2.5,6,Excelsa,Dark
UDH-24280-432,16-May-21,44865-58249-RY,L-L-1,4,Libriac,Large
IDQ-20193-502,6-May-19,36021-61205-DF,L-M-0.2,2,Libriac,Medium
DJG-14442-608,6-Feb-19,75716-12782-SS,R-D-1,3,Robusta,Dark
DWB-61381-370,9-Apr-21,11812-00461-KH,L-L-0.2,2,Libriac,Large
FRD-17347-990,20-May-20,46681-78850-ZW,A-D-1,4,Arabica,Dark
YPP-27450-525,2-Dec-20,01932-87052-KO,E-M-0.5,3,Excelsa,Medium
EFC-39577-424,8-Aug-21,16046-34805-ZF,E-M-1,5,Excelsa,Medium
WKL-27981-758,8-Apr-22,73699-93557-FZ,A-M-2.5,2,Arabica,Medium
ICF-17486-106,27-Jan-20,19196-09748-DB,L-L-2.5,1,Libriac,Large
HTS-15020-632,6-Aug-19,53817-13148-RK,R-M-0.2,3,Robusta,Medium
RGU-43561-950,7-Nov-20,44220-00348-MB,A-L-2.5,5,Arabica,Large
JSN-73975-443,27-Jun-22,93047-98331-DD,L-M-0.5,1,Libriac,Medium
WNR-71736-993,5-Feb-20,16880-78077-FB,L-D-0.5,4,Libriac,Dark
WNR-71736-993,5-Feb-20,16880-78077-FB,A-D-2.5,6,Arabica,Dark
SVD-75407-177,23-Aug-21,16106-36039-QS,E-L-0.5,3,Excelsa,Large
NVN-66443-451,20-Aug-21,98921-82417-GN,R-D-1,2,Robusta,Dark
JUA-13580-095,1-Apr-19,55265-75151-AK,R-L-0.2,4,Robusta,Large
QBB-07903-622,21-Oct-19,32622-54551-UC,R-L-1,5,Robusta,Large
JLJ-81802-619,20-Jun-21,16880-78077-FB,A-L-1,6,Arabica,Large
HFT-77191-168,4-Nov-21,48419-02347-XP,R-D-0.2,2,Robusta,Dark
SZR-35951-530,5-Apr-21,14121-20527-OJ,E-D-2.5,3,Excelsa,Dark
XEY-48929-474,2-Jan-22,21889-94615-WT,L-M-2.5,6,Libriac,Medium
QDU-45390-361,28-Nov-21,03677-09134-BC,E-M-0.5,1,Excelsa,Medium
RUJ-30649-712,11-Mar-22,93224-71517-WV,L-L-0.2,2,Libriac,Large
VJF-46305-323,18-Jan-19,68555-89840-GZ,L-D-0.5,2,Libriac,Dark
CXD-74176-600,7-Apr-19,70624-19112-AO,E-L-0.5,4,Excelsa,Large
ADX-50674-975,3-Feb-21,58916-61837-QH,A-M-2.5,4,Arabica,Medium
RRP-51647-420,18-Apr-19,89292-52335-YZ,E-D-1,3,Excelsa,Dark
PKJ-99134-523,7-Jul-21,77284-34297-YY,R-L-0.5,5,Robusta,Large
FZQ-29439-457,23-Feb-21,50449-80974-BZ,E-L-0.2,5,Excelsa,Large
USN-68115-161,10-Aug-21,08120-16183-AW,E-M-0.2,6,Excelsa,Medium
IXU-20263-532,15-Nov-19,68044-89277-ML,L-M-2.5,2,Libriac,Medium
CBT-15092-420,17-Dec-19,71364-35210-HS,L-M-0.5,1,Libriac,Medium
PKQ-46841-696,18-Mar-20,37177-68797-ON,R-M-0.5,3,Robusta,Medium
XDU-05471-219,6-Jun-22,60308-06944-GS,R-L-0.5,1,Robusta,Large
NID-20149-329,20-May-21,49888-39458-PF,R-D-0.2,2,Robusta,Dark
SVU-27222-213,11-Jan-21,60748-46813-DZ,L-L-0.2,5,Libriac,Large
RWI-84131-848,22-Feb-19,16385-11286-NX,R-D-2.5,2,Robusta,Dark
GUU-40666-525,24-Nov-21,68555-89840-GZ,A-L-0.2,3,Arabica,Large
SCN-51395-066,18-Jan-22,72164-90254-EJ,L-L-0.5,4,Libriac,Large
ULA-24644-321,13-Aug-21,67010-92988-CT,R-D-2.5,4,Robusta,Dark
EOL-92666-762,11-Jan-20,15776-91507-GT,L-L-0.2,2,Libriac,Large
AJV-18231-334,5-Jul-20,23473-41001-CD,R-D-2.5,2,Robusta,Dark
ZQI-47236-301,25-Jul-19,23446-47798-ID,L-L-0.5,5,Libriac,Large
ZCR-15721-658,26-May-22,28327-84469-ND,A-M-1,4,Arabica,Medium
QEW-47945-682,10-Jan-20,42466-87067-DT,L-L-0.2,5,Libriac,Large
PSY-45485-542,17-May-19,62246-99443-HF,R-D-0.5,3,Robusta,Dark
BAQ-74241-156,24-Jul-20,99869-55718-UU,R-D-0.2,4,Robusta,Dark
BVU-77367-451,20-Oct-20,77421-46059-RY,A-D-1,5,Arabica,Dark
TJE-91516-344,22-Sep-19,49894-06550-OQ,E-M-1,2,Excelsa,Medium
LIS-96202-702,7-Jun-20,72028-63343-SU,L-D-2.5,4,Libriac,Dark
VIO-27668-766,15-Dec-19,10074-20104-NN,R-D-2.5,1,Robusta,Dark
ZVG-20473-043,6-Dec-20,71769-10219-IM,A-D-0.2,3,Arabica,Dark
KGZ-56395-231,6-Dec-21,22221-71106-JD,A-D-0.5,1,Arabica,Dark
CUU-92244-729,11-Jul-20,99735-44927-OL,E-M-1,3,Excelsa,Medium
EHE-94714-312,28-Jun-21,27132-68907-RC,E-L-0.2,5,Excelsa,Large
RTL-16205-161,5-Apr-22,90440-62727-HI,A-M-0.5,1,Arabica,Medium
DYG-25473-881,8-Feb-20,10138-31681-SD,A-D-0.2,2,Arabica,Dark
HTR-21838-286,11-Feb-22,24669-76297-SF,A-L-1,2,Arabica,Large
KYG-28296-920,2-Jul-20,78050-20355-DI,E-M-2.5,1,Excelsa,Medium
NNB-20459-430,25-Jul-22,79825-17822-UH,L-M-0.2,2,Libriac,Medium
FEK-14025-351,19-Mar-21,03990-21586-MQ,E-L-0.2,6,Excelsa,Large
AWH-16980-469,11-May-20,27493-46921-TZ,L-M-0.2,6,Libriac,Medium
ZPW-31329-741,8-Jun-19,27132-68907-RC,R-D-1,6,Robusta,Dark
ZPW-31329-741,8-Jun-19,27132-68907-RC,E-M-2.5,4,Excelsa,Medium
ZPW-31329-741,8-Jun-19,27132-68907-RC,E-M-0.2,1,Excelsa,Medium
UBI-83843-396,9-Oct-19,58816-74064-TF,R-L-1,2,Robusta,Large
VID-40587-569,20-Feb-21,09818-59895-EH,E-D-2.5,5,Excelsa,Dark
ISJ-48676-420,10-Oct-21,93046-67561-AY,L-L-0.5,6,Libriac,Large
MIF-17920-768,5-Aug-21,68946-40750-LK,R-L-0.2,6,Robusta,Large
CPX-19312-088,31-Jul-20,38387-64959-WW,L-M-0.5,6,Libriac,Medium
RXI-67978-260,19-Sep-20,48418-60841-CC,E-D-1,6,Excelsa,Dark
LKE-14821-285,3-May-20,13736-92418-JS,R-M-0.2,5,Robusta,Medium
LRK-97117-150,8-Jul-19,33000-22405-LO,L-L-1,6,Libriac,Large
IGK-51227-573,26-Oct-19,46959-60474-LT,L-D-0.5,2,Libriac,Dark
EMA-63190-618,28-Feb-22,90993-98984-JK,E-M-0.2,1,Excelsa,Medium
FBI-35855-418,16-Sep-20,06552-04430-AG,R-M-0.5,6,Robusta,Medium
TXB-80533-417,28-Oct-20,54597-57004-QM,L-L-1,2,Libriac,Large
EUO-69145-988,30-Aug-21,60370-41934-IF,E-D-0.2,3,Excelsa,Dark
GYA-80327-368,4-Jun-21,06899-54551-EH,A-D-1,4,Arabica,Dark
TNW-41601-420,24-Nov-20,66458-91190-YC,R-M-1,5,Robusta,Medium
CTE-31437-326,2-Jan-19,22721-63196-UJ,R-M-0.2,4,Robusta,Medium
CTE-31437-326,2-Jan-19,22721-63196-UJ,E-M-0.2,4,Excelsa,Medium
CTE-31437-326,2-Jan-19,22721-63196-UJ,L-D-1,4,Libriac,Dark
CTE-31437-326,2-Jan-19,22721-63196-UJ,L-L-0.2,3,Libriac,Large
SLD-63003-334,17-Feb-22,55515-37571-RS,L-M-0.2,6,Libriac,Medium
BXN-64230-789,19-Dec-20,25598-77476-CB,A-L-1,2,Arabica,Large
XEE-37895-169,20-Feb-19,14888-85625-TM,A-L-2.5,3,Arabica,Large
ZTX-80764-911,14-Jan-21,92793-68332-NR,L-D-0.5,6,Libriac,Dark
WVT-88135-549,16-Nov-19,66458-91190-YC,A-D-1,3,Arabica,Dark
IPA-94170-889,4-Dec-19,64439-27325-LG,R-L-0.2,3,Robusta,Large
YQL-63755-365,31-Jul-20,78570-76770-LB,A-M-0.2,4,Arabica,Medium
RKW-81145-984,11-Mar-19,98661-69719-VI,L-L-1,3,Libriac,Large
MBT-23379-866,10-May-22,82990-92703-IX,L-L-1,5,Libriac,Large
GEJ-39834-935,25-Dec-21,49412-86877-VY,L-M-0.2,6,Libriac,Medium
KRW-91640-596,22-Apr-22,70879-00984-FJ,R-L-0.5,3,Robusta,Large
JBE-92943-643,29-Dec-20,84466-22864-CE,E-D-2.5,5,Excelsa,Dark
ZIL-34948-499,14-Jul-20,66458-91190-YC,A-D-0.5,2,Arabica,Dark
JSU-23781-256,7-Sep-21,76499-89100-JQ,L-D-0.2,1,Libriac,Dark
JSU-23781-256,7-Sep-21,76499-89100-JQ,R-M-1,4,Robusta,Medium
VPX-44956-367,9-Jun-19,39582-35773-ZJ,R-M-0.5,5,Robusta,Medium
VTB-46451-959,25-Oct-20,66240-46962-IO,L-D-2.5,1,Libriac,Dark
YDS-02797-307,5-Jun-22,06058-48844-PI,E-M-2.5,4,Excelsa,Medium
BPG-68988-842,21-Feb-19,53631-24432-SY,E-M-0.5,5,Excelsa,Medium
XZG-51938-658,5-Apr-20,18275-73980-KL,E-L-0.5,6,Excelsa,Large
KAR-24978-271,10-Jan-19,23187-65750-HZ,R-M-1,6,Robusta,Medium
FQK-28730-361,12-Apr-22,22725-79522-GP,R-M-1,6,Robusta,Medium
BGB-67996-089,30-Jan-22,06279-72603-JE,R-D-1,5,Robusta,Dark
XMC-20620-809,14-May-21,83543-79246-ON,E-M-0.5,2,Excelsa,Medium
LWJ-06793-303,2-Jan-22,95424-67020-AP,R-M-2.5,2,Robusta,Medium
CPV-90280-133,20-Mar-19,66458-91190-YC,R-D-0.2,3,Robusta,Dark
OGW-60685-912,21-Nov-20,67423-10113-LM,E-D-2.5,4,Excelsa,Dark
DEC-11160-362,13-Oct-21,48582-05061-RY,R-D-0.2,4,Robusta,Dark
WCT-07869-499,19-Oct-21,32031-49093-KE,R-D-0.5,5,Robusta,Dark
FHD-89872-325,29-Apr-19,31715-98714-OO,L-L-1,4,Libriac,Large
MDG-14481-513,19-May-21,64897-79178-MH,A-M-2.5,4,Arabica,Medium
OFN-49424-848,3-Jul-21,73346-85564-JB,R-L-2.5,2,Robusta,Large
NFA-03411-746,8-Feb-20,07476-13102-NJ,A-L-0.5,2,Arabica,Large
CYM-74988-450,16-Oct-20,87223-37422-SK,L-D-0.2,4,Libriac,Dark
DSL-69915-544,10-Mar-21,10142-55267-YO,R-L-0.2,3,Robusta,Large
NBT-35757-542,7-Jul-21,73647-66148-VM,E-L-0.2,3,Excelsa,Large
OYU-25085-528,5-Feb-21,10142-55267-YO,E-L-0.2,4,Excelsa,Large
XCG-07109-195,11-Dec-20,92976-19453-DT,L-D-0.2,6,Libriac,Dark
YZA-25234-630,13-May-22,89757-51438-HX,E-D-0.2,2,Excelsa,Dark
OKU-29966-417,23-Oct-19,76192-13390-HZ,E-L-0.2,4,Excelsa,Large
MEX-29350-659,11-Sep-20,02009-87294-SY,E-M-1,5,Excelsa,Medium
TCR-01064-030,3-Mar-21,13181-04387-LI,E-M-1,6,Excelsa,Medium
YUL-42750-776,23-Nov-21,24845-36117-TI,L-M-0.2,2,Libriac,Medium
XQJ-86887-506,6-Nov-21,66458-91190-YC,E-L-1,4,Excelsa,Large
ICC-73030-502,16-Apr-22,59480-02795-IU,A-L-1,3,Arabica,Large
VSQ-07182-513,23-Jul-19,18366-65239-WF,L-L-0.2,6,Libriac,Large
SPF-31673-217,9-Jun-20,19485-98072-PS,E-M-1,6,Excelsa,Medium
NEX-63825-598,22-Feb-20,72072-33025-SD,R-L-0.5,2,Robusta,Large
XPG-66112-335,19-Jul-20,58118-22461-GC,R-D-2.5,4,Robusta,Dark
NSQ-72210-345,20-Sep-21,90940-63327-DJ,A-M-0.2,6,Arabica,Medium
WHQ-25197-475,26-Nov-21,27536-28463-NJ,L-L-0.2,4,Libriac,Large
HMB-30634-745,18-Feb-20,19485-98072-PS,A-D-2.5,6,Arabica,Dark
XTL-68000-371,7-Apr-20,70140-82812-KD,A-M-0.5,4,Arabica,Medium
YES-51109-625,31-Jan-22,91895-55605-LS,E-L-0.5,4,Excelsa,Large
IOQ-84840-827,12-Nov-19,32038-81174-JF,A-M-1,6,Arabica,Medium
FBD-56220-430,16-May-22,59205-20324-NB,R-L-0.2,6,Robusta,Large
COV-52659-202,12-Feb-21,99899-54612-NX,L-M-2.5,2,Libriac,Medium
YUO-76652-814,4-Apr-21,26248-84194-FI,A-D-0.2,6,Arabica,Dark
PBT-36926-102,2-Aug-21,19485-98072-PS,L-M-1,4,Libriac,Medium
BLV-60087-454,8-Jun-22,84493-71314-WX,E-L-0.2,3,Excelsa,Large
BLV-60087-454,8-Jun-22,84493-71314-WX,A-M-0.5,5,Arabica,Medium
QYC-63914-195,14-May-20,39789-43945-IV,E-L-1,3,Excelsa,Large
OIB-77163-890,25-Dec-20,38972-89678-ZM,E-L-0.5,5,Excelsa,Large
SGS-87525-238,5-Jul-21,91465-84526-IJ,E-D-1,5,Excelsa,Dark
GQR-12490-152,14-Mar-19,22832-98538-RB,R-L-0.2,1,Robusta,Large
UOJ-28238-299,7-Mar-21,30844-91890-ZA,R-L-0.2,6,Robusta,Large
ETD-58130-674,5-Nov-21,05325-97750-WP,E-M-0.5,2,Excelsa,Medium
NQS-01613-687,12-Mar-21,10204-31464-SA,L-D-0.5,1,Libriac,Dark
MGH-36050-573,3-Aug-20,75156-80911-YT,R-M-0.5,2,Robusta,Medium
UVF-59322-459,25-Jul-19,53971-49906-PZ,E-L-2.5,6,Excelsa,Large
VET-41158-896,29-Apr-20,10728-17633-ST,E-M-2.5,2,Excelsa,Medium
XYL-52196-459,2-May-19,13549-65017-VE,R-D-0.2,3,Robusta,Dark
VQW-91903-926,13-Mar-20,05325-97750-WP,E-D-2.5,1,Excelsa,Dark
OLF-77983-457,16-Feb-19,51901-35210-UI,A-L-2.5,2,Arabica,Large
UOG-94188-104,23-Nov-21,92753-50029-SD,A-M-0.5,5,Arabica,Medium
DSN-15872-519,2-Dec-21,53809-98498-SN,L-L-2.5,4,Libriac,Large
OUQ-73954-002,6-Jan-19,66308-13503-KD,R-M-0.2,4,Robusta,Medium
LGL-16843-667,5-May-21,82458-87830-JE,A-D-0.2,4,Arabica,Dark
TCC-89722-031,23-Oct-21,41611-34336-WT,L-D-0.5,1,Libriac,Dark
TRA-79507-007,16-Dec-19,70089-27418-UJ,R-L-2.5,4,Robusta,Large
MZJ-77284-941,18-May-19,99978-56910-BN,E-L-0.2,5,Excelsa,Large
AXN-57779-891,14-Jul-19,09668-23340-IC,R-M-0.2,3,Robusta,Medium
LTS-03470-353,16-Jul-20,90985-89807-RW,A-L-2.5,5,Arabica,Large
UMM-28497-689,3-Nov-20,05325-97750-WP,L-L-2.5,3,Libriac,Large
MJZ-93232-402,20-Mar-22,17816-67941-ZS,E-D-0.2,1,Excelsa,Dark
RIK-61730-794,12-Nov-20,69761-61146-KD,L-M-0.2,6,Libriac,Medium
IDJ-55379-750,5-Oct-19,24040-20817-QB,R-M-1,4,Robusta,Medium
OHX-11953-965,1-Oct-19,19524-21432-XP,E-L-2.5,2,Excelsa,Large
OKA-93124-100,23-Apr-20,05325-97750-WP,R-M-0.5,5,Robusta,Medium
IXW-20780-268,24-Jun-20,20236-64364-QL,L-L-2.5,2,Libriac,Large
NGG-24006-937,16-Mar-21,29102-40100-TZ,E-M-2.5,4,Excelsa,Medium
JZC-31180-557,7-Apr-20,09171-42203-EB,L-M-2.5,1,Libriac,Medium
ZMU-63715-204,30-Sep-21,29060-75856-UI,E-D-1,6,Excelsa,Dark
GND-08192-056,1-May-22,17088-16989-PL,L-D-0.5,2,Libriac,Dark
RYY-38961-093,21-Jan-21,14756-18321-CL,A-M-0.2,6,Arabica,Medium
CVA-64996-969,24-Jun-20,13324-78688-MI,A-L-1,6,Arabica,Large
XTH-67276-442,3-Mar-19,73799-04749-BM,L-M-2.5,4,Libriac,Medium
XSN-26809-910,28-Jun-20,80467-17137-TO,E-M-2.5,2,Excelsa,Medium
UDN-88321-005,5-Jul-20,14640-87215-BK,R-L-0.5,5,Robusta,Large
EXP-21628-670,2-Mar-19,94447-35885-HK,A-M-2.5,3,Arabica,Medium
VGM-24161-361,1-May-22,71034-49694-CS,E-M-2.5,2,Excelsa,Medium
PKN-19556-918,29-Apr-22,00445-42781-KX,E-L-0.2,6,Excelsa,Large
PKN-19556-918,29-Apr-22,00445-42781-KX,L-D-0.5,4,Libriac,Dark
PKN-19556-918,29-Apr-22,00445-42781-KX,A-D-0.2,1,Arabica,Dark
PKN-19556-918,29-Apr-22,00445-42781-KX,R-D-2.5,5,Robusta,Dark
DXQ-44537-297,6-Aug-20,96116-24737-LV,E-L-0.5,4,Excelsa,Large
BPC-54727-307,21-Dec-19,18684-73088-YL,R-L-1,4,Robusta,Large
KSH-47717-456,19-Apr-20,74671-55639-TU,L-M-1,3,Libriac,Medium
ANK-59436-446,17-Jan-22,17488-65879-XL,E-L-0.5,4,Excelsa,Large
AYY-83051-752,22-Jan-19,46431-09298-OU,L-L-1,6,Libriac,Large
CSW-59644-267,28-Feb-20,60378-26473-FE,E-M-2.5,1,Excelsa,Medium
IGW-04801-466,15-May-21,29051-27555-GD,L-D-0.2,1,Libriac,Dark
LJN-34281-921,17-Dec-21,52143-35672-JF,R-L-2.5,5,Robusta,Large
BWZ-46364-547,9-Sep-21,64918-67725-MN,R-L-1,3,Robusta,Large
SBC-95710-706,19-Feb-20,85634-61759-ND,E-M-0.2,2,Excelsa,Medium
WRN-55114-031,29-Jun-20,40180-22940-QB,E-L-2.5,3,Excelsa,Large
JVF-91003-729,2-Oct-20,98536-88616-FF,A-D-2.5,3,Arabica,Dark
MVB-22135-665,2-Dec-21,55621-06130-SA,A-D-1,1,Arabica,Dark
CKS-47815-571,2-Nov-21,45666-86771-EH,L-L-0.5,3,Libriac,Large
OAW-17338-101,23-Feb-20,52143-35672-JF,R-D-0.2,6,Robusta,Dark
ALP-37623-536,3-Jul-20,24689-69376-XX,L-L-1,6,Libriac,Large
WMU-87639-108,11-Feb-19,71891-51101-VQ,R-D-0.5,1,Robusta,Dark
YZG-20575-451,2-Mar-20,64845-00270-NO,L-L-1,4,Libriac,Large
HTH-52867-812,28-Jun-21,29851-36402-UX,A-M-2.5,4,Arabica,Medium
FWU-44971-444,11-Jan-19,12190-25421-WM,A-D-2.5,3,Arabica,Dark
EQI-82205-066,20-Sep-19,52316-30571-GD,R-M-2.5,2,Robusta,Medium
NAR-00747-074,16-Oct-21,23243-92649-RY,L-D-1,4,Libriac,Dark
JYR-22052-185,1-Jan-20,39528-19971-OR,A-M-0.5,2,Arabica,Medium
XKO-54097-932,10-Mar-22,32743-78448-KT,E-M-0.5,3,Excelsa,Medium
HXA-72415-025,12-May-22,93417-12322-YB,A-D-2.5,2,Arabica,Dark
MJF-20065-335,10-Sep-20,56891-86662-UY,E-L-0.5,6,Excelsa,Large
GFI-83300-059,16-Oct-21,40414-26467-VE,A-M-0.2,6,Arabica,Medium
WJR-51493-682,17-Jun-21,87858-83734-RK,L-D-2.5,5,Libriac,Dark
SHP-55648-472,30-Mar-19,46818-20198-GB,A-M-1,6,Arabica,Medium
HYR-03455-684,19-Dec-21,29808-89098-XD,E-D-1,6,Excelsa,Dark
HYR-03455-684,19-Dec-21,29808-89098-XD,L-D-0.2,2,Libriac,Dark
HUG-52766-375,5-Jun-20,78786-77449-RQ,A-D-2.5,4,Arabica,Dark
DAH-46595-917,12-Sep-21,27878-42224-QF,A-D-1,6,Arabica,Dark
VEM-79839-466,16-Mar-22,32743-78448-KT,R-L-2.5,5,Robusta,Large
OWH-11126-533,21-Dec-21,25331-13794-SB,L-M-2.5,2,Libriac,Medium
UMT-26130-151,21-May-19,55864-37682-GQ,L-M-0.2,3,Libriac,Medium
JKA-27899-806,26-Oct-21,97005-25609-CQ,R-L-1,5,Robusta,Large
ULU-07744-724,26-Mar-20,94058-95794-IJ,L-M-0.5,5,Libriac,Medium
NOM-56457-507,14-Oct-20,40214-03678-GU,E-M-1,6,Excelsa,Medium
NZN-71683-705,13-Dec-21,04921-85445-SL,A-L-2.5,6,Arabica,Large
ZYU-11345-774,10-Jan-21,18293-78136-MN,L-M-0.5,5,Libriac,Medium
CPW-34587-459,26-Mar-21,84641-67384-TD,A-L-2.5,6,Arabica,Large
NQZ-82067-394,25-Mar-22,72320-29738-EB,R-L-2.5,1,Robusta,Large
JBW-95055-851,22-Jul-21,47355-97488-XS,A-M-1,5,Arabica,Medium
AHY-20324-088,6-Sep-20,63499-24884-PP,L-L-0.2,2,Libriac,Large
ZSL-66684-103,28-Dec-19,39193-51770-FM,E-M-0.2,2,Excelsa,Medium
WNE-73911-475,20-Apr-20,61323-91967-GG,L-D-0.5,6,Libriac,Dark
OVO-01283-090,17-Mar-22,15958-25089-OS,L-L-2.5,2,Libriac,Large
TXH-78646-919,14-May-21,98430-37820-UV,R-D-0.2,3,Robusta,Dark
CYZ-37122-164,6-Jan-19,21798-04171-XC,E-M-0.5,2,Excelsa,Medium
AGQ-06534-750,24-Apr-19,52798-46508-HP,A-L-1,5,Arabica,Large
QVL-32245-818,30-May-21,46478-42970-EM,A-M-0.5,5,Arabica,Medium
SEC-91807-425,31-Jan-21,94091-86957-HX,A-M-1,2,Arabica,Medium
MHM-44857-599,12-Sep-19,26295-44907-DK,L-D-1,1,Libriac,Dark
KGC-95046-911,30-Jun-20,95351-96177-QV,A-M-2.5,2,Arabica,Medium
RZC-75150-413,25-Mar-20,92204-96636-BS,E-D-0.5,5,Excelsa,Dark
EYH-88288-452,14-Apr-21,03010-30348-UA,L-L-2.5,5,Libriac,Large
NYQ-24237-772,16-Aug-19,13441-34686-SW,L-D-0.5,4,Libriac,Dark
THE-61147-027,31-Dec-19,94091-86957-HX,L-D-1,2,Libriac,Dark
PTY-86420-119,12-Apr-21,25504-41681-WA,A-D-0.5,4,Arabica,Dark
QHL-27188-431,28-Sep-19,75443-07820-DZ,L-L-0.5,2,Libriac,Large
MIS-54381-047,15-Jun-22,39276-95489-XV,A-D-0.5,5,Arabica,Dark
TBB-29780-459,15-Jul-19,61437-83623-PZ,A-L-0.5,1,Arabica,Large
ASS-05878-128,10-Oct-20,66580-33745-OQ,E-L-0.5,2,Excelsa,Large
EGK-03027-418,6-Jun-21,19820-29285-FD,E-M-0.2,3,Excelsa,Medium
BLI-21697-702,5-Dec-19,21141-12455-VB,A-M-0.5,2,Arabica,Medium
SOK-43535-680,4-Apr-22,58443-95866-YO,E-M-0.5,3,Excelsa,Medium
XUE-87260-201,8-Feb-22,89646-21249-OH,R-M-0.2,6,Robusta,Medium
AIA-98989-755,9-May-20,34704-83143-KS,R-M-0.2,1,Robusta,Medium
ITZ-21793-986,11-Jun-21,67388-17544-XX,E-D-0.2,4,Excelsa,Dark
YOK-93322-608,4-Nov-21,69411-48470-ID,E-L-1,6,Excelsa,Large
LXK-00634-611,20-Feb-22,94091-86957-HX,R-L-1,3,Robusta,Large
CQW-37388-302,3-Jul-19,97741-98924-KT,A-D-2.5,3,Arabica,Dark
SPA-79365-334,1-Jun-21,79857-78167-KO,L-D-1,3,Libriac,Dark
VPX-08817-517,15-Nov-20,46963-10322-ZA,L-L-1,5,Libriac,Large
PBP-87115-410,19-Jan-21,93812-74772-MV,E-D-0.5,5,Excelsa,Dark
SFB-93752-440,10-Oct-21,48203-23480-UB,R-M-0.2,3,Robusta,Medium
TEH-08414-216,1-Oct-21,35099-13971-JI,E-M-2.5,2,Excelsa,Medium
ATY-28980-884,31-Jul-20,50705-17295-NK,A-L-0.2,6,Arabica,Large
VCE-56531-986,9-Mar-21,57192-13428-PL,R-M-0.5,5,Robusta,Medium
FVV-75700-005,20-Nov-20,24891-77957-LU,E-D-0.5,3,Excelsa,Dark
CFZ-53492-600,14-Mar-22,64896-18468-BT,L-M-0.2,1,Libriac,Medium
LDK-71031-121,10-Jan-19,84761-40784-SV,L-L-2.5,1,Libriac,Large
USA-42811-560,26-Apr-21,49671-11547-WG,E-L-0.2,2,Excelsa,Large
SNL-83703-516,4-Jan-22,57976-33535-WK,L-M-2.5,3,Libriac,Medium
RGM-01187-513,15-Jul-22,28121-11641-UA,E-D-0.2,6,Excelsa,Dark
CZG-01299-952,12-Feb-19,09540-70637-EV,L-D-1,2,Libriac,Dark
KLD-88731-484,8-Sep-21,17775-77072-PP,A-M-1,5,Arabica,Medium
BQK-38412-229,13-Dec-19,90392-73338-BC,R-L-0.2,3,Robusta,Large
TCX-76953-071,25-Aug-21,94091-86957-HX,E-D-0.2,5,Excelsa,Dark
LIN-88046-551,23-Mar-22,10725-45724-CO,R-L-0.5,4,Robusta,Large
PMV-54491-220,11-Apr-19,87242-18006-IR,L-M-0.2,2,Libriac,Medium
SKA-73676-005,29-Oct-20,36572-91896-PP,L-M-1,4,Libriac,Medium
TKH-62197-239,30-Jul-20,25181-97933-UX,A-D-0.5,3,Arabica,Dark
PKJ-30083-501,27-Dec-21,76948-43532-JS,E-D-0.5,2,Excelsa,Dark
WTT-91832-645,3-Oct-19,24344-88599-PP,A-M-1,3,Arabica,Medium
TRZ-94735-865,5-Feb-19,54462-58311-YF,L-M-0.5,4,Libriac,Medium
UDB-09651-780,31-Aug-20,90767-92589-LV,E-D-0.5,2,Excelsa,Dark
EHJ-82097-549,13-Jan-21,27517-43747-YD,R-D-0.2,2,Robusta,Dark
NUU-03893-975,17-Jan-20,41054-59693-XE,L-L-0.5,2,Libriac,Large
GVG-59542-307,2-Jul-19,26314-66792-VP,E-M-1,2,Excelsa,Medium
YLY-35287-172,23-May-22,69410-04668-MA,A-D-0.5,5,Arabica,Dark
DCI-96254-548,14-Jun-22,94091-86957-HX,A-D-0.2,6,Arabica,Dark
KHZ-26264-253,20-Jul-21,24972-55878-KX,L-L-0.2,6,Libriac,Large
AAQ-13644-699,3-Jun-22,46296-42617-OQ,R-D-1,4,Robusta,Dark
LWL-68108-794,26-May-20,44494-89923-UW,A-D-0.5,3,Arabica,Dark
JQT-14347-517,26-Jul-19,11621-09964-ID,R-D-1,1,Robusta,Dark
BMM-86471-923,22-Oct-20,76319-80715-II,L-D-2.5,1,Libriac,Dark
IXU-67272-326,24-Dec-20,91654-79216-IC,E-L-0.5,5,Excelsa,Large
ITE-28312-615,6-Sep-19,56450-21890-HK,E-L-1,6,Excelsa,Large
ZHQ-30471-635,8-Apr-19,40600-58915-WZ,L-M-0.5,5,Libriac,Medium
ZVQ-26122-859,28-Nov-19,77154-45038-IH,A-L-2.5,6,Arabica,Large
MIU-01481-194,21-Jul-19,08439-55669-AI,R-M-1,6,Robusta,Medium
MIU-01481-194,21-Jul-19,08439-55669-AI,A-L-0.5,2,Arabica,Large
UEA-72681-629,12-Mar-21,24972-55878-KX,A-L-2.5,3,Arabica,Large
CVE-15042-481,1-Jan-22,24972-55878-KX,R-L-1,2,Robusta,Large
EJA-79176-833,22-Mar-20,91509-62250-GN,R-M-2.5,6,Robusta,Medium
AHQ-40440-522,18-Sep-20,83833-46106-ZC,A-D-1,1,Arabica,Dark
TID-21626-411,3-Jan-19,19383-33606-PW,R-L-0.5,3,Robusta,Large
BZE-96093-118,19-Oct-21,43452-18035-DH,L-M-0.2,2,Libriac,Medium
FND-99527-640,19-Jul-21,89574-96203-EP,E-L-0.5,2,Excelsa,Large
ASG-27179-958,10-Dec-21,12607-75113-UV,A-M-0.5,3,Arabica,Medium
YKX-23510-272,17-Mar-19,56991-05510-PR,A-L-2.5,2,Arabica,Large
FSA-98650-921,28-Feb-20,01841-48191-NL,L-L-0.5,2,Libriac,Large
ZUR-55774-294,3-Jun-20,33269-10023-CO,L-D-1,6,Libriac,Dark
YVH-19865-819,9-Nov-19,08946-56610-IH,L-L-2.5,4,Libriac,Large
NNF-47422-501,7-Mar-20,20260-32948-EB,E-L-0.2,6,Excelsa,Large
RJI-71409-490,26-Apr-21,31613-41626-KX,L-M-0.5,5,Libriac,Medium
UZL-46108-213,11-Nov-21,75961-20170-RD,L-L-1,2,Libriac,Large
AOX-44467-109,15-Jun-21,72524-06410-KD,A-D-2.5,1,Arabica,Dark
TZD-67261-174,27-Feb-20,01841-48191-NL,E-D-2.5,1,Excelsa,Dark
TYP-85767-944,29-Jul-22,51497-50894-WU,R-M-2.5,2,Robusta,Medium
GTT-73214-334,20-Jan-19,98636-90072-YE,A-L-1,6,Arabica,Large
WAI-89905-069,21-Feb-22,47011-57815-HJ,A-L-0.5,3,Arabica,Large
OJL-96844-459,3-May-20,61253-98356-VD,L-L-0.2,5,Libriac,Large
VGI-33205-360,21-Mar-19,96762-10814-DA,L-M-0.5,6,Libriac,Medium
PCA-14081-576,13-Jun-19,63112-10870-LC,R-L-0.2,5,Robusta,Large
SCS-67069-962,5-Jun-20,21403-49423-PD,A-L-2.5,5,Arabica,Large
BDM-03174-485,16-Mar-19,29581-13303-VB,R-L-0.5,4,Robusta,Large
FLI-11493-954,9-Jul-22,80454-42225-FT,A-L-0.5,4,Arabica,Large
IWL-13117-537,29-Apr-20,29129-60664-KO,R-D-0.2,3,Robusta,Dark
UMB-11223-710,13-Feb-21,49012-12987-QT,R-D-0.2,6,Robusta,Dark
LXR-09892-726,13-Jul-20,50924-94200-SQ,R-D-2.5,2,Robusta,Dark
QXX-89943-393,12-Mar-20,15673-18812-IU,R-D-0.2,4,Robusta,Dark
WVS-57822-366,4-May-20,52151-75971-YY,E-M-2.5,4,Excelsa,Medium
KHG-33953-115,13-Dec-21,78226-97287-JI,L-D-0.5,3,Libriac,Dark
CNJ-56058-223,11-Aug-20,40780-22081-LX,L-L-0.5,3,Libriac,Large
KHO-27106-786,10-Oct-20,01603-43789-TN,A-M-1,6,Arabica,Medium
KHO-27106-786,10-Oct-20,01603-43789-TN,L-D-2.5,6,Libriac,Dark
YAC-50329-982,8-Dec-20,75419-92838-TI,E-M-2.5,1,Excelsa,Medium
VVL-95291-039,18-Apr-19,96516-97464-MF,E-L-0.2,2,Excelsa,Large
VUT-20974-364,4-Jan-21,90285-56295-PO,R-M-0.5,6,Robusta,Medium
SFC-34054-213,10-Mar-19,08100-71102-HQ,L-L-0.5,4,Libriac,Large
UDS-04807-593,29-Nov-19,84074-28110-OV,L-D-0.5,2,Libriac,Dark
RAU-17060-674,26-Jun-20,12747-63766-EU,L-L-0.2,1,Libriac,Large
AOL-13866-711,14-Feb-19,83490-88357-LJ,E-M-1,4,Excelsa,Medium
NOA-79645-377,9-Nov-20,53729-30320-XZ,R-D-0.5,5,Robusta,Dark
KMS-49214-806,30-Apr-19,50384-52703-LA,E-L-2.5,4,Excelsa,Large
ABK-08091-531,30-Oct-20,53864-36201-FG,L-L-1,3,Libriac,Large
GPT-67705-953,12-Nov-19,70631-33225-MZ,A-M-0.2,5,Arabica,Medium
JNA-21450-177,11-Feb-22,54798-14109-HC,A-D-1,3,Arabica,Dark
MPQ-23421-608,28-Mar-21,08023-52962-ET,E-M-0.5,5,Excelsa,Medium
NLI-63891-565,10-Dec-21,41899-00283-VK,E-M-0.2,5,Excelsa,Medium
HHF-36647-854,5-Nov-21,39011-18412-GR,A-D-2.5,6,Arabica,Dark
SBN-16537-046,29-Feb-20,60255-12579-PZ,A-D-0.2,1,Arabica,Dark
XZD-44484-632,6-Aug-21,80541-38332-BP,E-M-1,2,Excelsa,Medium
XZD-44484-632,6-Aug-21,80541-38332-BP,A-D-0.2,2,Arabica,Dark
IKQ-39946-768,19-Mar-21,72778-50968-UQ,R-M-1,6,Robusta,Medium
KMB-95211-174,16-Apr-21,23941-30203-MO,R-D-2.5,4,Robusta,Dark
QWY-99467-368,6-Nov-20,96434-50068-DZ,A-D-2.5,1,Arabica,Dark
SRG-76791-614,15-Mar-21,11729-74102-XB,E-L-0.5,1,Excelsa,Large
VSN-94485-621,17-Oct-21,88116-12604-TE,A-D-0.2,4,Arabica,Dark
UKS-93055-397,13-Jul-22,13082-41034-PD,A-D-2.5,5,Arabica,Dark
AVH-56062-335,21-Nov-21,18082-74419-QH,E-M-0.5,5,Excelsa,Medium
HGE-19842-613,13-Jan-22,49401-45041-ZU,R-L-0.5,4,Robusta,Large
WBA-85905-175,13-Jul-22,41252-45992-VS,L-M-0.2,1,Libriac,Medium
DZI-35365-596,2-Nov-21,54798-14109-HC,E-M-0.2,2,Excelsa,Medium
XIR-88982-743,10-Jul-21,00852-54571-WP,E-M-0.2,2,Excelsa,Medium
VUC-72395-865,7-Oct-21,13321-57602-GK,A-D-0.5,6,Arabica,Dark
BQJ-44755-910,28-Feb-20,75006-89922-VW,E-D-2.5,6,Excelsa,Dark
ZKI-78561-066,21-Sep-21,60121-12432-VU,A-D-0.2,3,Arabica,Dark
MZL-81126-390,8-Mar-22,48464-99723-HK,A-L-0.2,6,Arabica,Large
MZL-81126-390,8-Mar-22,48464-99723-HK,A-M-0.2,2,Arabica,Medium
TVF-57766-608,10-Mar-20,88420-46464-XE,L-D-0.5,1,Libriac,Dark
RUX-37995-892,27-Nov-21,37762-09530-MP,L-D-2.5,4,Libriac,Dark
AVK-76526-953,4-Mar-21,47268-50127-XY,A-D-1,2,Arabica,Dark
RIU-02231-623,16-Nov-21,25544-84179-QC,R-L-0.5,5,Robusta,Large
WFK-99317-827,16-Jun-19,32058-76765-ZL,L-D-2.5,3,Libriac,Dark
SFD-00372-284,19-Jul-20,54798-14109-HC,L-M-0.2,2,Libriac,Medium
SXC-62166-515,28-Feb-20,69171-65646-UC,R-L-2.5,5,Robusta,Large
YIE-87008-621,22-Jun-19,22503-52799-MI,L-M-0.5,4,Libriac,Medium
HRM-94548-288,8-Sep-19,08934-65581-ZI,A-L-2.5,6,Arabica,Large
TWD-70988-853,3-Dec-19,87519-68847-ZG,L-D-1,6,Libriac,Dark
CIX-22904-641,17-Sep-19,78012-56878-UB,R-M-1,1,Robusta,Medium
DLV-65840-759,31-May-22,77192-72145-RG,L-M-1,2,Libriac,Medium
RXN-55491-201,21-Oct-19,86071-79238-CX,R-L-0.2,6,Robusta,Large
UHK-63283-868,24-Apr-22,16809-16936-WF,A-M-0.5,1,Arabica,Medium
PJC-31401-893,13-Jan-21,11212-69985-ZJ,A-D-0.5,3,Arabica,Dark
HHO-79903-185,19-Aug-22,53893-01719-CL,A-L-2.5,1,Arabica,Large
YWM-07310-594,2-Mar-19,66028-99867-WJ,E-M-0.5,5,Excelsa,Medium
WQK-10857-119,21-Sep-21,96849-52854-CR,E-D-0.5,1,Excelsa,Dark
DXA-50313-073,30-Aug-19,19755-55847-VW,E-L-1,2,Excelsa,Large
ONW-00560-570,25-Feb-19,32900-82606-BO,A-M-1,2,Arabica,Medium
BRJ-19414-277,17-Sep-19,16809-16936-WF,R-M-0.2,4,Robusta,Medium
MIQ-16322-908,3-Aug-19,20118-28138-QD,A-L-1,2,Arabica,Large
MVO-39328-830,26-Feb-21,84057-45461-AH,L-M-0.5,5,Libriac,Medium
MVO-39328-830,26-Feb-21,84057-45461-AH,A-L-0.5,6,Arabica,Large
NTJ-88319-746,3-Aug-21,90882-88130-KQ,L-L-0.5,3,Libriac,Large
KTO-53793-109,21-Nov-19,17572-27091-AA,R-L-0.2,2,Robusta,Large
GPZ-36017-366,1-Jul-19,65732-22589-OW,A-D-2.5,5,Arabica,Dark
BZP-33213-637,5-May-20,77175-09826-SF,A-M-2.5,3,Arabica,Medium
WFH-21507-708,20-Apr-20,07237-32539-NB,R-D-0.5,1,Robusta,Dark
HST-96923-073,18-Jul-19,54722-76431-EX,R-D-2.5,6,Robusta,Dark
ENN-79947-323,18-Nov-21,67847-82662-TE,L-M-0.5,2,Libriac,Medium
BHA-47429-889,20-Jun-20,51114-51191-EW,E-L-0.2,3,Excelsa,Large
SZY-63017-318,6-Apr-21,91809-58808-TV,A-L-0.2,2,Arabica,Large
LCU-93317-340,17-Jun-19,84996-26826-DK,R-D-0.2,1,Robusta,Dark
UOM-71431-481,26-Mar-22,65732-22589-OW,R-D-2.5,1,Robusta,Dark
PJH-42618-877,30-Sep-21,93676-95250-XJ,A-D-2.5,5,Arabica,Dark
XED-90333-402,19-Jun-19,28300-14355-GF,E-M-0.2,5,Excelsa,Medium
IKK-62234-199,31-Mar-22,91190-84826-IQ,L-L-0.5,6,Libriac,Large
IIZ-24416-212,31-May-21,76060-30540-LB,R-D-0.5,6,Robusta,Dark
AWP-11469-510,11-Apr-20,76730-63769-ND,E-D-1,2,Excelsa,Dark
SXW-34014-556,27-Jan-21,99144-98314-GN,R-L-0.2,1,Robusta,Large
QOJ-38788-727,24-Jun-19,16358-63919-CE,E-M-2.5,5,Excelsa,Medium
TGF-38649-658,15-Mar-20,67743-54817-UT,L-M-0.5,2,Libriac,Medium
EAI-25194-209,24-Sep-21,44601-51441-BH,A-L-2.5,5,Arabica,Large
ZMC-00336-619,27-Jan-22,19849-12926-QF,A-M-0.5,4,Arabica,Medium
UPX-54529-618,10-Sep-21,40535-56770-UM,L-D-1,3,Libriac,Dark
DLX-01059-899,6-Jan-20,74940-09646-MU,R-L-1,5,Robusta,Large
NFI-37188-246,8-Sep-21,89490-75361-AF,A-D-2.5,4,Arabica,Dark
BXH-62195-013,11-Nov-21,94526-79230-GZ,A-M-1,4,Arabica,Medium
DXY-76225-633,29-Jul-21,88574-37083-WX,A-M-0.5,1,Arabica,Medium
UHP-24614-199,20-Mar-22,67953-79896-AC,A-M-1,4,Arabica,Medium
HBY-35655-049,4-May-20,69207-93422-CQ,E-D-2.5,3,Excelsa,Dark
QTG-93823-843,12-Jan-22,46859-14212-FI,A-M-0.5,1,Arabica,Medium
QTG-93823-843,12-Jan-22,46859-14212-FI,E-D-0.5,3,Excelsa,Dark
WFT-16178-396,16-Dec-20,33555-01585-RP,R-D-0.2,5,Robusta,Dark
ERC-54560-934,30-May-22,11932-85629-CU,R-D-2.5,6,Robusta,Dark
RUK-78200-416,9-Nov-21,36192-07175-XC,L-D-0.2,2,Libriac,Dark
NJR-03699-189,8-Oct-19,95152-82155-VQ,E-D-2.5,1,Excelsa,Dark
PJV-20427-019,12-Sep-21,13404-39127-WQ,A-L-2.5,3,Arabica,Large
OLA-68289-577,30-Jun-20,40226-52317-IO,A-M-0.5,5,Arabica,Medium
TNR-84447-052,9-Jan-19,34419-18068-AG,E-D-2.5,4,Excelsa,Dark
FBZ-64200-586,12-Jul-22,51738-61457-RS,E-M-2.5,2,Excelsa,Medium
OBN-66334-505,30-Nov-20,86757-52367-ON,E-L-0.2,2,Excelsa,Large
NXM-89323-646,22-Mar-19,28158-93383-CK,E-D-1,1,Excelsa,Dark
EQH-53569-934,13-Oct-20,53667-91553-LT,E-M-1,4,Excelsa,Medium
BYP-16005-016,1-Aug-21,01474-63436-TP,R-M-2.5,5,Robusta,Medium
LWS-13938-905,18-Nov-20,90533-82440-EE,A-M-2.5,6,Arabica,Medium
OLH-95722-362,24-Oct-21,48553-69225-VX,L-D-0.5,3,Libriac,Dark
OLH-95722-362,24-Oct-21,48553-69225-VX,R-M-2.5,4,Robusta,Medium
KCW-50949-318,30-Dec-19,52374-27313-IV,E-L-1,5,Excelsa,Large
JGZ-16947-591,2-Feb-21,14264-41252-SL,L-L-0.2,6,Libriac,Large
LXS-63326-144,16-May-21,35367-50483-AR,R-L-0.5,2,Robusta,Large
CZG-86544-655,23-Apr-22,69443-77665-QW,A-L-0.5,2,Arabica,Large
WFV-88138-247,25-Sep-21,63411-51758-QC,R-L-1,3,Robusta,Large
RFG-28227-288,7-Jun-22,68605-21835-UF,A-L-0.5,6,Arabica,Large
QAK-77286-758,11-Aug-20,34786-30419-XY,R-L-0.5,5,Robusta,Large
WJJ-37489-898,8-Apr-21,31599-82152-AD,A-M-1,1,Arabica,Medium
ORX-57454-917,6-Sep-21,76209-39601-ZR,E-D-2.5,3,Excelsa,Dark
GRB-68838-629,10-Sep-21,15064-65241-HB,R-L-2.5,4,Robusta,Large
UQI-28177-865,18-Sep-20,04317-46176-TB,R-L-0.2,6,Robusta,Large
OIB-13664-879,31-Aug-21,04713-57765-KR,A-M-1,2,Arabica,Medium
GUG-45603-775,6-Feb-22,40959-32642-DN,L-L-0.2,5,Libriac,Large
KJB-98240-098,30-Jan-22,77746-08153-PM,L-L-1,5,Libriac,Large
YIT-15877-117,13-Apr-22,24155-79322-EQ,R-D-1,1,Robusta,Dark
YVK-82679-655,7-Jan-21,95342-88311-SF,R-M-0.5,4,Robusta,Medium
TYH-81940-054,4-Feb-20,69374-08133-RI,E-L-0.2,5,Excelsa,Large
HTY-30660-254,16-Sep-19,83844-95908-RX,R-M-1,3,Robusta,Medium
GPW-43956-761,26-Jan-19,09667-09231-YM,E-L-0.5,6,Excelsa,Large
DWY-56352-412,19-Feb-21,55427-08059-DF,R-D-0.2,1,Robusta,Dark
PUH-55647-976,22-Mar-22,06624-54037-BQ,R-M-0.2,2,Robusta,Medium
DTB-71371-705,3-Jul-19,48544-90737-AZ,L-D-1,1,Libriac,Dark
TED-81959-419,26-Aug-19,27702-50024-XC,A-L-2.5,5,Arabica,Large
HKN-31467-517,24-Oct-21,84045-66771-SL,L-M-1,6,Libriac,Medium
POF-29666-012,1-Apr-19,46885-00260-TL,R-D-0.5,1,Robusta,Dark
IRX-59256-644,8-Dec-21,96446-62142-EN,A-D-0.2,3,Arabica,Dark
LTN-89139-350,27-Jun-19,07756-71018-GU,R-L-2.5,5,Robusta,Large
TXF-79780-017,14-Jul-20,92048-47813-QB,R-L-1,5,Robusta,Large
ALM-80762-974,23-Mar-20,84045-66771-SL,A-L-0.5,3,Arabica,Large
KUX-19632-830,20-Jul-21,55409-07759-YG,E-D-0.2,6,Excelsa,Dark
SNZ-44595-152,12-Aug-22,06136-65250-PG,R-L-1,2,Robusta,Large
GQA-37241-629,1-Jan-20,08405-33165-BS,A-M-0.2,2,Arabica,Medium
WVV-79948-067,18-Jan-21,66070-30559-WI,E-M-2.5,1,Excelsa,Medium
LHX-81117-166,31-Dec-21,01282-28364-RZ,R-L-1,4,Robusta,Large
GCD-75444-320,4-May-20,51277-93873-RP,L-M-2.5,1,Libriac,Medium
SGA-30059-217,20-Feb-21,84405-83364-DG,A-D-0.5,5,Arabica,Dark
RLM-96511-467,6-Jan-20,43014-53743-XK,R-L-2.5,1,Robusta,Large
GJC-66474-557,3-Aug-21,64965-78386-MY,A-D-1,1,Arabica,Dark
